Tilt/Headline,Source + Link,Category,Summary
Can PayPal's New Ads Manager Drive Top-Line Growth in 2026?,Yahoo Finance: https://finance.yahoo.com/news/paypals-ads-manager-drive-top-172800816.html,Timing,"PayPal announced the launch of PayPal Ads Manager, a new platform enabling small businesses to monetize website traffic through targeted advertising. The platform will launch in early 2026, starting in the U.S. before expanding to the U.K. and Germany. This move positions PayPal to compete in the multi-billion-dollar retail media network sector."
PayPal Stock Downgraded To Sell. Goldman Sachs Sees Margin Pressure Ahead.,Investers Business Daily : https://www.investors.com/news/technology/paypal-stock-downgraded-sell-goldman-sachs/,Messaging,"Goldman Sachs downgraded PayPal from neutral to sell, citing expected transaction margin pressure in 2026. The downgrade contributed to PayPal stock falling 1.7% on Monday, adding to a 20% decline year-to-date in 2025. Analysts are concerned about gross profit growth potentially stagnating at 2-3% annually, with PayPal's Q3 earnings report due October 28."
"Before You Use Venmo and PayPal's New Transfer Feature, Change This Setting",CNET - Tyler Lacoma : https://www.cnet.com/tech/services-and-software/before-you-use-venmo-and-paypals-new-transfer-feature-change-this-one-setting/,Competitor/Product Update,"PayPal and Venmo will enable direct money transfers between the two platforms starting in November 2025, twelve years after PayPal acquired Venmo in 2014. Users will be able to search for and send payments to users on either platform directly from their app. The update includes new privacy settings allowing Venmo users to control whether PayPal users can find them via phone number."
"PayPal Unleashes the Power of Retail Media for Small Businesses, Enabling Them to Join Billion-Dollar Advertising Boom",Stock Titan : https://www.stocktitan.net/news/PYPL/pay-pal-unleashes-the-power-of-retail-media-for-small-businesses-tdbz693emamt.html,Timing,"PayPal officially launched PayPal Ads Manager on October 7, 2025, a platform that allows tens of millions of small businesses to create retail media networks and monetize store traffic at no upfront cost. The solution leverages PayPal's 25 years of payment data, proprietary transaction graph, and AI creative tools to match relevant ads with merchant audiences. Availability begins early 2026 in the U.S., followed by rollout in the U.K. and Germany."
"PayPal Holdings, Inc. $PYPL Stock Position Increased by GW Henssler & Associates Ltd.",MarketBeat : https://www.marketbeat.com/instant-alerts/filing-paypal-holdings-inc-pypl-stock-position-increased-by-gw-henssler-associates-ltd-2025-10-12/,Messaging,"Institutional investor GW Henssler & Associates increased its PayPal position by 6.6% in Q2, owning 219,790 shares valued at approximately $16.3 million. Analysts maintain a consensus ""Hold"" rating on PayPal stock with a target price of $84.66, with seventeen analysts rating it as a Buy, fourteen as Hold, and two as Sell. PayPal reported Q2 earnings of $1.40 per share, exceeding estimates, with Q3 guidance set between $1.18-$1.22 per share."
"PayPal Ushers in a New Era of Peer-to-Peer Payments, Reimagining How Money Moves to Anyone, Anywhere","Newsroom: https://newsroom.paypal-corp.com/2025-09-15-PayPal-Ushers-in-a-New-Era-of-Peer-to-Peer-Payments,-Reimagining-How-Money-Moves-to-Anyone,-Anywhere",Timing,"PayPal launched PayPal links on September 15, 2025, allowing users to send and receive money through personalized, one-time shareable links in any conversation. The feature launched in the U.S. first with international expansion to the UK, Italy, and other markets later in September. PayPal also announced upcoming crypto integration directly into P2P payment flows, enabling users to send Bitcoin, Ethereum, and PYUSD to PayPal, Venmo, and other digital wallets."
Inside Google & PayPal's Partnership for AI Commerce,FinTech Magazine - Kitty Wheeler : https://aimagazine.com/news/why-google-partnered-with-paypal-for-ai-commerce-push,Timing,"Google and PayPal announced a multiyear strategic partnership on September 22, 2025, integrating PayPal's payment infrastructure across Google Cloud, Google Ads, and Google Play. PayPal will migrate its technology systems to Google Cloud Platform and both companies will collaborate on developing ""agentic commerce"" – AI systems that can conduct autonomous transactions using Google's Agent Payments Protocol. The partnership aims to establish standards for AI-powered commerce while PayPal gains access to Google's machine learning capabilities for fraud detection and transaction processing."
PayPal Enhances BNPL Products Ahead of the Holidays,PaymentsJournal - Wesley Grant : https://www.paymentsjournal.com/paypal-enhances-bnpl-products-ahead-of-the-holidays/,Competitor/Product Update,"PayPal expanded its buy now, pay later program on October 6, 2025, to include in-store purchases, previously limited to e-commerce transactions. As an added incentive, PayPal is offering 5% cash back on all BNPL purchases—both online and in-store—through the end of 2025. The expansion comes as roughly 60% of U.S. consumers express heightened concerns about holiday spending, with over 80% of shoppers who have used BNPL planning to use it for holiday shopping."
PayPal Turns Online Ads Into 'Buy Now Opportunities',PYMNTS:   https://www.pymnts.com/consumer-insights/2025/goldman-raises-estimates-of-tariff-related-costs-paid-by-consumers/,Competitor/Product Update,"PayPal announced ""Storefront Ads"" on June 16, 2025, a feature that transforms online advertisements into embedded merchant storefronts with direct checkout capabilities. The innovation uses PayPal's transaction graph and payment rails to enable ""buy now"" functionality within ad units themselves, allowing shoppers to purchase without leaving their current content. This product addresses the rise of agentic commerce, where shopping comes to consumers rather than consumers seeking out merchant websites."
